name,sex,rank,count
MARY,female,1,1765503
MARIA,female,2,1649077
JENNIFER,female,3,1330100
ELIZABETH,female,4,1205540
PATRICIA,female,5,1188870
LINDA,female,6,1164024
SUSAN,female,7,979207
JESSICA,female,8,956497
BARBARA,female,9,942288
KAREN,female,10,880756
SARAH,female,11,873199
LISA,female,12,863633
SANDRA,female,13,780123
NANCY,female,14,771926
MICHELLE,female,15,755820
EMILY,female,16,754599
ASHLEY,female,17,741112
AMANDA,female,18,698371
KIMBERLY,female,19,694683
LAURA,female,20,679260
MELISSA,female,21,674625
STEPHANIE,female,22,657151
REBECCA,female,23,644902
DONNA,female,24,634502
AMY,female,25,624622
DEBORAH,female,26,621837
CAROL,female,27,611753
ANGELA,female,28,599326
CYNTHIA,female,29,597326
SHARON,female,30,582621
MARGARET,female,31,549159
KATHLEEN,female,32,547043
NICOLE,female,33,543303
BRENDA,female,34,520761
SAMANTHA,female,35,516848
ANNA,female,36,512297
EMMA,female,37,497435
PAMELA,female,38,495700
RACHEL,female,39,493154
CHRISTINE,female,40,482038
HEATHER,female,41,473139
KATHERINE,female,42,470184
JULIE,female,43,467063
DEBRA,female,44,465557
VICTORIA,female,45,451974
OLIVIA,female,46,448791
LAUREN,female,47,446061
KELLY,female,48,437520
JANET,female,49,428773
ANDREA,female,50,424111
CHRISTINA,female,51,423090
DIANE,female,52,422404
CATHERINE,female,53,410212
MEGAN,female,54,409486
HANNAH,female,55,402223
TERESA,female,56,402053
SARA,female,57,383777
CAROLYN,female,58,383725
BETTY,female,59,382462
JUDITH,female,60,376422
CHERYL,female,61,372084
DIANA,female,62,369281
MARTHA,female,63,367718
SHIRLEY,female,64,358593
MADISON,female,65,355609
JANE,female,66,354381
JULIA,female,67,348856
ABIGAIL,female,68,341731
GLORIA,female,69,331031
JACQUELINE,female,70,330991
DANIELLE,female,71,327524
SOPHIA,female,72,327445
DENISE,female,73,327011
NATALIE,female,74,323601
JOYCE,female,75,323559
AMBER,female,76,322278
GRACE,female,77,321949
ANA,female,78,321184
KATHRYN,female,79,315806
ISABELLA,female,80,308625
DOROTHY,female,81,304548
KAYLA,female,82,302687
BRITTANY,female,83,302372
JANICE,female,84,302069
LORI,female,85,299196
JOAN,female,86,296830
ALEXIS,female,87,296602
TAYLOR,female,88,293715
ERIN,female,89,293703
EVELYN,female,90,293177
TIFFANY,female,91,292918
ANN,female,92,292674
KATHY,female,93,287828
VIRGINIA,female,94,285956
RUTH,female,95,285536
JUDY,female,96,280781
HELEN,female,97,280032
ALLISON,female,98,279330
THERESA,female,99,278643
TAMMY,female,100,276909
ALYSSA,female,101,274237
CRYSTAL,female,102,273686
MONICA,female,103,264611
MARIE,female,104,263654
SHANNON,female,105,261919
AVA,female,106,257143
WENDY,female,107,257138
PAULA,female,108,255944
CHARLOTTE,female,109,254269
ROSA,female,110,253653
TINA,female,111,253101
DAWN,female,112,251599
BEVERLY,female,113,248614
MARILYN,female,114,248352
ROBIN,female,115,246306
ALICIA,female,116,242385
CINDY,female,117,239943
JAMIE,female,118,239255
VANESSA,female,119,238897
LESLIE,female,120,237654
VERONICA,female,121,234366
COURTNEY,female,122,229511
CARMEN,female,123,228731
ALEXANDRA,female,124,228483
JEAN,female,125,228208
VALERIE,female,126,225704
MELANIE,female,127,225462
ALICE,female,128,224717
TRACY,female,129,224215
ANNE,female,130,221518
BRIANNA,female,131,220950
MIA,female,132,219147
BONNIE,female,133,218263
JASMINE,female,134,217684
KIM,female,135,217260
ERICA,female,136,215144
KATIE,female,137,214755
CONNIE,female,138,206814
APRIL,female,139,205686
SHEILA,female,140,201996
MORGAN,female,141,201351
LEAH,female,142,200705
CHLOE,female,143,200086
FRANCES,female,144,199958
CAROLINE,female,145,198800
AUDREY,female,146,198020
KRISTEN,female,147,197837
NORMA,female,148,197245
MICHELE,female,149,196261
ROSE,female,150,195850
JILL,female,151,194264
CLAUDIA,female,152,188850
SUZANNE,female,153,188814
SHERRY,female,154,187269
ELLA,female,155,185252
RITA,female,156,184019
PEGGY,female,157,183534
HOLLY,female,158,182265
LILLIAN,female,159,182036
JOANNE,female,160,181549
BROOKE,female,161,177054
AMELIA,female,162,176238
ELAINE,female,163,176006
DORIS,female,164,173498
RHONDA,female,165,173202
ELLEN,female,166,172846
DANA,female,167,172431
WANDA,female,168,170825
PHYLLIS,female,169,165745
LYNN,female,170,164406
ANITA,female,171,164151
SYDNEY,female,172,163613
CLAIRE,female,173,163298
RENEE,female,174,162754
KRISTIN,female,175,162449
GAIL,female,176,161639
EVA,female,177,160995
TARA,female,178,157722
CARRIE,female,179,157454
LILY,female,180,155415
MOLLY,female,181,153233
SYLVIA,female,182,152676
SOFIA,female,183,151408
SAVANNAH,female,184,149749
JOANN,female,185,148763
KAITLYN,female,186,148383
HAILEY,female,187,147480
ERIKA,female,188,147205
GINA,female,189,146870
STACY,female,190,146488
CATHY,female,191,146344
DARLENE,female,192,145776
CARLA,female,193,144540
DEBBIE,female,194,144208
HALEY,female,195,144162
LINDSEY,female,196,143983
MADELINE,female,197,143701
LAURIE,female,198,143615
IRENE,female,199,143472
CHELSEA,female,200,143138
CASSANDRA,female,201,141602
JENNA,female,202,140609
RUBY,female,203,139463
LYDIA,female,204,139374
SALLY,female,205,139095
REGINA,female,206,138961
COLLEEN,female,207,137411
HEIDI,female,208,137391
BETH,female,209,136155
YOLANDA,female,210,135581
KELSEY,female,211,134903
PAIGE,female,212,132667
STACEY,female,213,131647
ESTHER,female,214,130840
LOIS,female,215,130744
LUCY,female,216,130153
TAMARA,female,217,128582
VIVIAN,female,218,128213
ISABEL,female,219,127675
AVERY,female,220,127304
SHELBY,female,221,127029
ANNETTE,female,222,126802
ADRIANA,female,223,126361
MAUREEN,female,224,125509
ZOE,female,225,125281
SABRINA,female,226,125019
VICKI,female,227,124890
KRISTINA,female,228,124414
JOSEPHINE,female,229,123791
JORDAN,female,230,122596
TERRI,female,231,120436
ELEANOR,female,232,119912
EILEEN,female,233,119909
LINDSAY,female,234,119745
FAITH,female,235,119371
ADDISON,female,236,118913
MACKENZIE,female,237,118907
NORA,female,238,118858
DESTINY,female,239,118723
MELINDA,female,240,118704
YVONNE,female,241,117901
GABRIELLE,female,242,117709
KATELYN,female,243,117459
ANGELICA,female,244,117006
JOY,female,245,115802
ANNIE,female,246,115660
ALEXA,female,247,115621
KAYLEE,female,248,115261
ELENA,female,249,114377
SONIA,female,250,113553
MARCIA,female,251,113157
NAOMI,female,252,112972
KARLA,female,253,112956
GABRIELA,female,254,112582
ROSEMARY,female,255,112543
DEANNA,female,256,112400
MARISSA,female,257,111436
JENNY,female,258,111390
ALISON,female,259,110774
AUTUMN,female,260,110611
GABRIELLA,female,261,109373
CECILIA,female,262,109197
CLARA,female,263,109086
RILEY,female,264,107771
MIRIAM,female,265,107505
LORRAINE,female,266,107405
MARLENE,female,267,106821
TANYA,female,268,105664
AUBREY,female,269,104945
JOANNA,female,270,104581
JEANNE,female,271,104471
ROBERTA,female,272,104165
MARYANN,female,273,103954
DOLORES,female,274,103514
KYLIE,female,275,102835
MAYA,female,276,102637
CAITLIN,female,277,102550
ALMA,female,278,101619
OLGA,female,279,101464
TONYA,female,280,100416
GUADALUPE,female,281,100216
MIRANDA,female,282,99594
SUE,female,283,98962
JUANITA,female,284,98686
JEANETTE,female,285,98618
ANGELINA,female,286,98522
JOCELYN,female,287,97756
MARJORIE,female,288,97688
CHARLENE,female,289,97216
NINA,female,290,96725
ARIANA,female,291,95386
BROOKLYN,female,292,95196
LOUISE,female,293,95172
BAILEY,female,294,93859
MARGARITA,female,295,93287
KARA,female,296,93261
STELLA,female,297,93238
EDITH,female,298,92660
GERALDINE,female,299,92259
JACKIE,female,300,91574
LORETTA,female,301,91106
BLANCA,female,302,90984
BRANDY,female,303,90904
JUNE,female,304,90874
CHRISTY,female,305,90811
MARIAH,female,306,90424
DAISY,female,307,90191
KATRINA,female,308,90046
LUZ,female,309,89851
CONSTANCE,female,310,89482
MEGHAN,female,311,89456
BETHANY,female,312,89417
NATASHA,female,313,89345
GLENDA,female,314,89230
JUANA,female,315,88534
NATALIA,female,316,87943
PRISCILLA,female,317,87810
MAKAYLA,female,318,87469
HARPER,female,319,87204
KATE,female,320,86617
MELODY,female,321,86534
MARSHA,female,322,86127
SOPHIE,female,323,86022
WHITNEY,female,324,85495
SIERRA,female,325,85372
ARLENE,female,326,85251
LAYLA,female,327,84798
BRANDI,female,328,84550
ANGEL,female,329,84489
KENDRA,female,330,84331
IRMA,female,331,84289
VICKIE,female,332,84225
ALEXANDRIA,female,333,83965
LETICIA,female,334,83074
MILDRED,female,335,82988
MADELYN,female,336,82233
GLADYS,female,337,81738
PENNY,female,338,81287
BRIDGET,female,339,81259
CRISTINA,female,340,81246
ZOEY,female,341,80954
CAROLE,female,342,80842
SILVIA,female,343,80632
ARIANNA,female,344,80479
IRIS,female,345,80410
HAZEL,female,346,79885
BRIANA,female,347,79816
DIANNE,female,348,79647
TONI,female,349,79247
JADE,female,350,78867
DANIELA,female,351,78679
JILLIAN,female,352,78578
KARINA,female,353,78443
ALEJANDRA,female,354,78074
FELICIA,female,355,78006
TERRY,female,356,77384
TRACEY,female,357,77101
KRISTINE,female,358,76872
GEORGIA,female,359,76104
HOPE,female,360,75313
SADIE,female,361,75109
RACHAEL,female,362,74999
KAY,female,363,74670
GWENDOLYN,female,364,74468
LILIANA,female,365,74341
SHELLY,female,366,74327
ISABELLE,female,367,74028
CANDACE,female,368,73461
MARINA,female,369,72663
MAGGIE,female,370,72454
VIOLET,female,371,72414
CAMILA,female,372,72341
BIANCA,female,373,72131
ABBY,female,374,72056
LUCIA,female,375,71433
MONIQUE,female,376,71111
JODI,female,377,71007
SHERRI,female,378,70703
ANGIE,female,379,70636
CASEY,female,380,70560
SUMMER,female,381,70481
KENNEDY,female,382,70373
MISTY,female,383,70350
PAULINE,female,384,70334
ELLIE,female,385,70164
DESIREE,female,386,69843
SHERYL,female,387,69809
KRISTI,female,388,69405
BRITTNEY,female,389,69319
RAQUEL,female,390,69267
CAROLINA,female,391,69163
SANDY,female,392,69154
AALIYAH,female,393,69113
PEYTON,female,394,68956
EDNA,female,395,68857
BECKY,female,396,68184
TRINITY,female,397,68121
BREANNA,female,398,67995
MEREDITH,female,399,67682
AURORA,female,400,66790
KRISTA,female,401,66705
BELLA,female,402,66558
KELLI,female,403,66497
REBEKAH,female,404,66411
JULIANA,female,405,65840
PENELOPE,female,406,65742
MAYRA,female,407,65535
SCARLETT,female,408,64722
LYNDA,female,409,64691
BERTHA,female,410,64319
GIANNA,female,411,64103
SHELLEY,female,412,63533
VALERIA,female,413,63469
KRISTY,female,414,63461
KRYSTAL,female,415,62719
RAMONA,female,416,62620
BELINDA,female,417,62361
CARLY,female,418,62183
MERCEDES,female,419,62176
SKYLAR,female,420,62028
FLORENCE,female,421,61968
LORENA,female,422,61825
ARIEL,female,423,61535
DORA,female,424,61432
CAMILLE,female,425,61343
PATSY,female,426,61096
ELISE,female,427,60906
JACQUELYN,female,428,60863
DELORES,female,429,60752
GENESIS,female,430,60592
NEVAEH,female,431,59981
CANDICE,female,432,59878
MARIAN,female,433,59020
LUCILLE,female,434,58794
CORA,female,435,58793
JESSIE,female,436,58763
BEATRICE,female,437,58263
CHEYENNE,female,438,57889
ROBYN,female,439,57207
JADA,female,440,57155
MARIANNE,female,441,57154
SONYA,female,442,56811
KENDALL,female,443,56339
ADRIENNE,female,444,56250
GRACIE,female,445,56228
MARION,female,446,56139
MARIANA,female,447,56033
NADIA,female,448,55952
JAN,female,449,55871
VERA,female,450,55665
MCKENZIE,female,451,55094
NICHOLE,female,452,55094
JO,female,453,54854
HILDA,female,454,54638
LILLY,female,455,54438
KARI,female,456,54318
LYNNE,female,457,54310
ALANA,female,458,54057
MARTA,female,459,53818
THELMA,female,460,53702
YVETTE,female,461,53418
CASSIDY,female,462,52712
FATIMA,female,463,52554
ARIA,female,464,52491
ROXANNE,female,465,52454
SHERI,female,466,52414
REAGAN,female,467,52217
ELISA,female,468,52069
MARIBEL,female,469,51737
MALLORY,female,470,51594
KAITLIN,female,471,51481
LENA,female,472,51141
GENEVIEVE,female,473,51075
ROSEMARIE,female,474,51001
CELESTE,female,475,50979
MYA,female,476,50749
ESMERALDA,female,477,50620
PAYTON,female,478,50302
KIRSTEN,female,479,50301
TABITHA,female,480,50122
ELSA,female,481,50020
BEATRIZ,female,482,49847
YESENIA,female,483,49662
JOHANNA,female,484,49642
CELIA,female,485,49620
ALISHA,female,486,49456
VICKY,female,487,49416
VALENTINA,female,488,49413
MARISOL,female,489,49411
GAYLE,female,490,49407
AIMEE,female,491,49345
WILMA,female,492,49170
RYLEE,female,493,48957
JODY,female,494,48897
JANELLE,female,495,48883
IVY,female,496,48875
BOBBIE,female,497,48842
MARISA,female,498,48646
MIKAYLA,female,499,48569
LANA,female,500,48529
JORDYN,female,501,48514
CARA,female,502,48350
MICHAELA,female,503,48346
CAITLYN,female,504,48182
SERENITY,female,505,47879
ANNABELLE,female,506,47627
BERNICE,female,507,47594
BILLIE,female,508,47556
DIANNA,female,509,47479
EMILIA,female,510,47466
TESSA,female,511,47410
MILA,female,512,47314
TATIANA,female,513,47013
HAYLEY,female,514,47009
ANTONIA,female,515,46996
PIPER,female,516,46597
SUSANA,female,517,46391
LOURDES,female,518,46285
ANTOINETTE,female,519,46081
TRACI,female,520,45895
JOSIE,female,521,45833
ALLYSON,female,522,45604
JOSEFINA,female,523,45490
LACEY,female,524,45403
KERRY,female,525,45211
ELISABETH,female,526,45184
JAIME,female,527,45082
ANASTASIA,female,528,44800
GRETCHEN,female,529,44599
PAM,female,530,44434
DOMINIQUE,female,531,44407
HANNA,female,532,44406
KELLIE,female,533,44382
BERNADETTE,female,534,44200
INGRID,female,535,44055
KIARA,female,536,43565
ELSIE,female,537,43489
CALLIE,female,538,43374
JACLYN,female,539,43367
SELENA,female,540,43239
PATTY,female,541,43123
MAXINE,female,542,43044
LILA,female,543,42994
JANA,female,544,42974
NIKKI,female,545,42717
KELLEY,female,546,41153
LEE,female,547,36516
QUINN,female,548,34959
REESE,female,549,33925
DAKOTA,female,550,30095
CAMERON,female,551,27554
SHAWN,female,552,26670
HAYDEN,female,553,26374
LOGAN,female,554,24537
ALEX,female,555,22898
WILLIE,female,556,22603
HARLEY,female,557,22351
EMERSON,female,558,22269
SKYLER,female,559,22269
CHARLIE,female,560,21545
RYAN,female,561,20627
CHRIS,female,562,20579
SIDNEY,female,563,20567
JAYDEN,female,564,19363
RENE,female,565,18447
DEVON,female,566,18248
PARKER,female,567,18165
CHRISTIAN,female,568,17496
ASHTON,female,569,17242
FRANCIS,female,570,17230
DALE,female,571,15912
JOHNNIE,female,572,15830
DEVIN,female,573,15345
TYLER,female,574,14467
ALI,female,575,13374
ADRIAN,female,576,13285
NOEL,female,577,12762
JADEN,female,578,12586
DYLAN,female,579,12564
BLAKE,female,580,11399
HUNTER,female,581,11364
MICAH,female,582,11324
SAWYER,female,583,10725
DALLAS,female,584,10378
JESSE,female,585,9943
SAM,female,586,9888
COREY,female,587,7482
KYLE,female,588,7393
JIMMIE,female,589,7310
MICHAEL,female,590,7287
KAI,female,591,7269
JERRY,female,592,7031
CARSON,female,593,6930
DREW,female,594,6904
KAYDEN,female,595,6853
JOHN,female,596,6503
JOEY,female,597,6294
GABRIEL,female,598,6275
CARTER,female,599,6252
CORY,female,600,5861
TRISTAN,female,601,5827
DANIEL,female,602,5568
RONNIE,female,603,5396
ELLIOT,female,604,5118
ELLIOTT,female,605,5044
BOBBY,female,606,4640
AUSTIN,female,607,4274
JUAN,female,608,4217
EVAN,female,609,4167
CODY,female,610,4098
SPENCER,female,611,3933
JAMES,female,612,3921
JOE,female,613,3843
JAY,female,614,3835
GRAYSON,female,615,3740
RANDY,female,616,3732
EDDIE,female,617,3699
DAN,female,618,3660
JESUS,female,619,3606
COLBY,female,620,3599
DARYL,female,621,3486
CHASE,female,622,3397
LONNIE,female,623,3349
JULIAN,female,624,3234
MASON,female,625,3128
CAMDEN,female,626,3078
JOSE,female,627,3013
BRYCE,female,628,2989
SHANE,female,629,2859
ROBERT,female,630,2735
BRETT,female,631,2685
SHAUN,female,632,2674
AARON,female,633,2666
EZRA,female,634,2601
GENE,female,635,2557
DAVID,female,636,2554
AIDAN,female,637,2552
ALEXANDER,female,638,2468
NOAH,female,639,2393
PERRY,female,640,2305
TONY,female,641,2283
CHRISTOPHER,female,642,2214
WILLIAM,female,643,2208
AYDEN,female,644,2145
TANNER,female,645,2094
SEAN,female,646,2082
ELI,female,647,2074
AIDEN,female,648,2066
BILLY,female,649,2014
RAY,female,650,1952
COOPER,female,651,1945
CHARLES,female,652,1910
JOSEPH,female,653,1908
TY,female,654,1831
BRANDON,female,655,1826
KEVIN,female,656,1787
BRADY,female,657,1749
WESLEY,female,658,1717
ANTHONY,female,659,1677
ANDRE,female,660,1599
JUSTIN,female,661,1585
SON,female,662,1578
JOEL,female,663,1571
DANNY,female,664,1570
LOUIS,female,665,1563
ANDREW,female,666,1531
CONNOR,female,667,1524
GEORGE,female,668,1524
ANDY,female,669,1510
CRISTIAN,female,670,1509
DEAN,female,671,1490
THOMAS,female,672,1484
JOSHUA,female,673,1468
LUIS,female,674,1463
RICHARD,female,675,1398
MARIO,female,676,1382
DENNIS,female,677,1372
LINCOLN,female,678,1326
HUDSON,female,679,1300
DON,female,680,1242
JOHNNY,female,681,1235
MATTHEW,female,682,1233
TROY,female,683,1228
DOMINIC,female,684,1211
RYDER,female,685,1199
JACOB,female,686,1172
ERIC,female,687,1167
MICHEAL,female,688,1162
CARLOS,female,689,1160
KADEN,female,690,1137
MARK,female,691,1134
BRIAN,female,692,1129
ELIJAH,female,693,1126
ANTONIO,female,694,1120
ISRAEL,female,695,1116
CHANCE,female,696,1112
PAUL,female,697,1109
NICK,female,698,1076
JACK,female,699,1055
FELIX,female,700,1052
JON,female,701,1044
ASHER,female,702,1039
JASON,female,703,1033
KENNY,female,704,1031
SAMUEL,female,705,995
TOMMY,female,706,995
MAX,female,707,991
RICKY,female,708,979
JONATHAN,female,709,976
JACKSON,female,710,966
LEVI,female,711,965
LANDON,female,712,960
BRAYDEN,female,713,959
NICHOLAS,female,714,935
BRADLEY,female,715,911
ROMAN,female,716,903
ALLEN,female,717,897
JACE,female,718,888
CADEN,female,719,878
MITCHELL,female,720,874
STEVEN,female,721,838
ALEJANDRO,female,722,837
FRANCISCO,female,723,833
GARY,female,724,828
KENNETH,female,725,823
HENRY,female,726,803
CONNER,female,727,787
ADAM,female,728,784
JONAH,female,729,784
PATRICK,female,730,780
JEREMY,female,731,779
DONALD,female,732,768
EASTON,female,733,763
JIMMY,female,734,754
BENJAMIN,female,735,744
DILLON,female,736,737
GIOVANNI,female,737,734
LEO,female,738,734
TIMOTHY,female,739,727
COLE,female,740,724
MARTIN,female,741,722
EDWARD,female,742,721
MAURICE,female,743,721
GLENN,female,744,716
TRAVIS,female,745,716
WYATT,female,746,716
ETHAN,female,747,715
XAVIER,female,748,708
STEPHEN,female,749,704
LIAM,female,750,700
MARSHALL,female,751,697
LARRY,female,752,692
BRAXTON,female,753,691
SCOTT,female,754,685
VICTOR,female,755,678
CARL,female,756,668
EUGENE,female,757,664
MIGUEL,female,758,660
KEITH,female,759,656
OLIVER,female,760,655
IAN,female,761,649
ZACHARY,female,762,637
NATHAN,female,763,627
FRANK,female,764,624
BOB,female,765,621
DUSTIN,female,766,615
BRYAN,female,767,608
JEFFREY,female,768,602
GERALD,female,769,598
RONALD,female,770,598
MIKE,female,771,597
CALEB,female,772,595
RANDALL,female,773,589
ROSS,female,774,576
DARRYL,female,775,567
EVERETT,female,776,563
LUCAS,female,777,557
JORGE,female,778,548
ANDRES,female,779,545
RAYMOND,female,780,540
MAXWELL,female,781,539
IVAN,female,782,535
FERNANDO,female,783,531
PRESTON,female,784,531
GREGORY,female,785,530
MANUEL,female,786,524
ZANE,female,787,518
ANGELO,female,788,511
KEN,female,789,509
COLLIN,female,790,500
TIM,female,791,493
ALAN,female,792,490
JULIO,female,793,489
OWEN,female,794,489
PETER,female,795,489
SEBASTIAN,female,796,489
MELVIN,female,797,479
ISAIAH,female,798,476
ISAAC,female,799,471
MARVIN,female,800,470
JEREMIAH,female,801,464
GLEN,female,802,446
NORMAN,female,803,446
OSCAR,female,804,443
JOSIAH,female,805,440
SIMON,female,806,437
ARTHUR,female,807,435
DARRELL,female,808,427
WALTER,female,809,426
ALEC,female,810,422
LAWRENCE,female,811,422
GAVIN,female,812,416
JIM,female,813,415
ROBERTO,female,814,415
RAFAEL,female,815,413
TOM,female,816,410
CURTIS,female,817,401
MARCUS,female,818,395
STEVE,female,819,395
RUSSELL,female,820,393
BEN,female,821,392
NOLAN,female,822,392
ROY,female,823,391
LUKE,female,824,388
MILES,female,825,387
DALTON,female,826,385
ELIAS,female,827,384
VINCENT,female,828,383
ALBERT,female,829,380
CLYDE,female,830,376
DUANE,female,831,374
JARED,female,832,374
WILL,female,833,372
TREVOR,female,834,364
JAKE,female,835,363
DOUGLAS,female,836,359
OMAR,female,837,359
RAMON,female,838,359
JAXON,female,839,355
RICARDO,female,840,354
HARRISON,female,841,353
JAVIER,female,842,353
NATHANIEL,female,843,352
BARRY,female,844,349
BRUCE,female,845,346
FRED,female,846,346
TERRANCE,female,847,345
EMMANUEL,female,848,343
PEDRO,female,849,340
ROGER,female,850,339
HECTOR,female,851,337
DAMIAN,female,852,332
COLIN,female,853,326
LEON,female,854,326
NELSON,female,855,322
BRADEN,female,856,320
GARRETT,female,857,320
BRYSON,female,858,318
LEWIS,female,859,317
BRODY,female,860,305
EDWIN,female,861,303
HARRY,female,862,302
BILL,female,863,300
EDUARDO,female,864,298
ERIK,female,865,294
SANTIAGO,female,866,294
NICOLAS,female,867,291
RUBEN,female,868,290
ERICK,female,869,289
CLARENCE,female,870,288
VERNON,female,871,287
WAYNE,female,872,286
BRENDAN,female,873,284
ABEL,female,874,283
JEFFERY,female,875,282
DIEGO,female,876,279
EDGAR,female,877,274
PHILLIP,female,878,271
GRAHAM,female,879,270
HARVEY,female,880,270
GAGE,female,881,268
CRAIG,female,882,265
RODNEY,female,883,264
SETH,female,884,263
CESAR,female,885,262
MARCOS,female,886,262
CALVIN,female,887,261
STANLEY,female,888,258
HOWARD,female,889,256
KALEB,female,890,256
SERGIO,female,891,256
FRANKLIN,female,892,253
MARCO,female,893,253
STUART,female,894,253
RAUL,female,895,250
HAROLD,female,896,247
JEFF,female,897,247
DEREK,female,898,246
DARREN,female,899,245
RON,female,900,245
EARL,female,901,241
DOMINICK,female,902,240
ERNEST,female,903,240
JOSUE,female,904,239
WARREN,female,905,238
DONOVAN,female,906,237
THEODORE,female,907,233
LEONARD,female,908,229
LESTER,female,909,229
CLAYTON,female,910,228
GRANT,female,911,228
ALBERTO,female,912,226
TODD,female,913,226
DERRICK,female,914,225
JOSH,female,915,220
CHAD,female,916,217
KARL,female,917,216
DAMIEN,female,918,214
ALVIN,female,919,207
TERRENCE,female,920,207
LLOYD,female,921,206
LEONARDO,female,922,200
ABRAHAM,female,923,199
NEIL,female,924,199
PHILIP,female,925,198
CLIFFORD,female,926,194
RALPH,female,927,192
BRENT,female,928,190
MATEO,female,929,190
MATT,female,930,190
ARMANDO,female,931,189
ENRIQUE,female,932,188
COLTON,female,933,187
DAVE,female,934,186
LORENZO,female,935,186
FELIPE,female,936,185
JEROME,female,937,179
ISMAEL,female,938,175
MARC,female,939,174
PABLO,female,940,173
ALFREDO,female,941,167
REGINALD,female,942,167
LANCE,female,943,165
FREDERICK,female,944,162
ORLANDO,female,945,161
JOHNATHAN,female,946,160
FLOYD,female,947,159
RICK,female,948,159
ALFRED,female,949,157
MATHEW,female,950,156
ARTURO,female,951,155
GILBERT,female,952,155
WADE,female,953,155
GERARDO,female,954,154
TOMAS,female,955,154
GORDON,female,956,153
GREG,female,957,149
ALLAN,female,958,148
WESTON,female,959,146
GUSTAVO,female,960,145
SALVADOR,female,961,145
BERNARD,female,962,143
GUY,female,963,140
TYRONE,female,964,140
KENT,female,965,139
DAMON,female,966,136
GUILLERMO,female,967,131
ROLAND,female,968,131
JAXSON,female,969,129
EMILIO,female,970,128
DWAYNE,female,971,127
SAUL,female,972,121
HERBERT,female,973,116
KRISTOPHER,female,974,115
ERNESTO,female,975,112
TRENT,female,976,111
KELVIN,female,977,110
ALFONSO,female,978,108
MILTON,female,979,106
MOHAMED,female,980,105
LEROY,female,981,103
BRAD,female,982,102
TRENTON,female,983,100
ARNOLD,female,984,97
CLINTON,female,985,95
BYRON,female,986,94
HUGO,female,987,94
TED,female,988,94
KIRK,female,989,89
MOHAMMAD,female,990,89
MOHAMMED,female,991,89
ROGELIO,female,992,89
RODRIGO,female,993,86
DWIGHT,female,994,84
RODOLFO,female,995,78
JONATHON,female,996,70
ZACH,female,997,70
DOUG,female,998,69
KURT,female,999,52
GEOFFREY,female,1000,50
MICHAEL,male,1,3469434
JOHN,male,2,3118620
JAMES,male,3,2992500
DAVID,male,4,2810463
ROBERT,male,5,2756604
WILLIAM,male,6,2237906
DANIEL,male,7,1601625
JOSEPH,male,8,1598759
RICHARD,male,9,1574600
THOMAS,male,10,1505122
CHRISTOPHER,male,11,1497658
MATTHEW,male,12,1313918
JOSE,male,13,1208093
CHARLES,male,14,1206062
MARK,male,15,1134407
ANDREW,male,16,1073982
ANTHONY,male,17,1073504
KEVIN,male,18,1013440
BRIAN,male,19,1009891
STEVEN,male,20,971970
JOSHUA,male,21,938250
PAUL,male,22,906116
JASON,male,23,897619
RYAN,male,24,853642
JACOB,male,25,804558
TIMOTHY,male,26,802219
ERIC,male,27,765929
KENNETH,male,28,754856
JEFFREY,male,29,734826
JONATHAN,male,30,716232
DONALD,male,31,714856
NICHOLAS,male,32,710370
RONALD,male,33,689245
JUSTIN,male,34,666981
STEPHEN,male,35,664892
GARY,male,36,655765
SCOTT,male,37,655267
JUAN,male,38,651479
BRANDON,male,39,640794
GEORGE,male,40,630400
EDWARD,male,41,615401
BENJAMIN,male,42,605580
SAMUEL,male,43,565090
ALEXANDER,male,44,554289
PATRICK,male,45,551104
TYLER,male,46,527058
LARRY,male,47,511764
GREGORY,male,48,503419
ADAM,male,49,495516
AARON,male,50,491571
LUIS,male,51,488505
NATHAN,male,52,480994
CARLOS,male,53,471886
PETER,male,54,463907
DENNIS,male,55,446940
ZACHARY,male,56,434625
KYLE,male,57,428758
JACK,male,58,414623
FRANK,male,59,406462
ETHAN,male,60,402294
CHRISTIAN,male,61,398291
DOUGLAS,male,62,382805
SEAN,male,63,375045
JEREMY,male,64,371936
NOAH,male,65,370028
RAYMOND,male,66,363746
JERRY,male,67,362580
AUSTIN,male,68,357880
HENRY,male,69,353863
ALEX,male,70,350569
CHRIS,male,71,345681
GABRIEL,male,72,341267
VICTOR,male,73,336630
DYLAN,male,74,331355
JORDAN,male,75,329734
KEITH,male,76,328332
JESUS,male,77,327747
BRYAN,male,78,326764
LOGAN,male,79,317038
TERRY,male,80,299571
MIGUEL,male,81,295341
ROGER,male,82,294387
ANTONIO,male,83,288058
ALAN,male,84,284382
JESSE,male,85,283766
JORGE,male,86,282318
JOE,male,87,272033
MARTIN,male,88,271155
BRUCE,male,89,267471
LUKE,male,90,266792
MASON,male,91,266724
ANGEL,male,92,264086
CALEB,male,93,263512
STEVE,male,94,262040
GERALD,male,95,257833
JOEL,male,96,254446
SHAWN,male,97,253015
CAMERON,male,98,252960
ELIJAH,male,99,251625
EVAN,male,100,250088
LUCAS,male,101,248689
TRAVIS,male,102,247841
RANDY,male,103,246887
FRANCISCO,male,104,245399
CODY,male,105,244490
WALTER,male,106,244421
CRAIG,male,107,244228
CARL,male,108,242762
ISAAC,male,109,241746
MANUEL,male,110,240292
LAWRENCE,male,111,240265
JACKSON,male,112,238927
TODD,male,113,238487
VINCENT,male,114,236697
BRADLEY,male,115,236570
ADRIAN,male,116,227808
MIKE,male,117,227449
PHILIP,male,118,222839
IAN,male,119,222162
HUNTER,male,120,218829
LIAM,male,121,217431
PHILLIP,male,122,216475
WAYNE,male,123,212746
OSCAR,male,124,212503
MARIO,male,125,211692
CHAD,male,126,208927
JEFF,male,127,208368
CONNOR,male,128,206850
ARTHUR,male,129,205409
RUSSELL,male,130,202342
DEREK,male,131,201013
DANNY,male,132,195544
ALBERT,male,133,191849
AIDEN,male,134,191460
JULIAN,male,135,190357
NATHANIEL,male,136,189625
RICARDO,male,137,189605
TONY,male,138,188832
HAROLD,male,139,186203
MARCUS,male,140,183659
JOHNNY,male,141,181869
LOUIS,male,142,181802
JARED,male,143,179932
ALEJANDRO,male,144,179214
JAYDEN,male,145,176369
OWEN,male,146,175930
ROY,male,147,175775
ISAIAH,male,148,175312
PEDRO,male,149,174854
DALE,male,150,172981
JIMMY,male,151,172302
RODNEY,male,152,172034
ROBERTO,male,153,171962
BILLY,male,154,171419
DUSTIN,male,155,170773
GAVIN,male,156,168329
HECTOR,male,157,168076
ALLEN,male,158,166027
SHANE,male,159,164680
RALPH,male,160,162321
BLAKE,male,161,162125
TROY,male,162,161371
EDWIN,male,163,160431
JON,male,164,160267
JAY,male,165,160262
CURTIS,male,166,159266
BOBBY,male,167,159220
JAVIER,male,168,158457
JEREMIAH,male,169,156739
SEBASTIAN,male,170,155655
RANDALL,male,171,155039
CARTER,male,172,154155
WESLEY,male,173,153717
CHASE,male,174,153707
EDUARDO,male,175,152338
JEFFERY,male,176,151949
WYATT,male,177,151343
FERNANDO,male,178,151123
LANDON,male,179,150043
COREY,male,180,149117
RAFAEL,male,181,148529
OLIVER,male,182,145838
RICKY,male,183,145377
TREVOR,male,184,145330
GLENN,male,185,145044
SETH,male,186,144049
DOMINIC,male,187,143816
TIM,male,188,143489
EUGENE,male,189,142687
THEODORE,male,190,140942
BRETT,male,191,139395
FREDERICK,male,192,138765
HARRY,male,193,138242
ERIK,male,194,137337
IVAN,male,195,136683
BARRY,male,196,136211
LEVI,male,197,135782
STANLEY,male,198,135561
MARVIN,male,199,134873
HOWARD,male,200,134651
COLE,male,201,133856
WILLIE,male,202,133553
SERGIO,male,203,132964
MAX,male,204,132923
JAKE,male,205,132247
EDGAR,male,206,131818
GREG,male,207,131374
RAUL,male,208,131297
DEAN,male,209,130626
DIEGO,male,210,129682
DEVIN,male,211,129482
FRED,male,212,128796
LEE,male,213,128062
OMAR,male,214,126481
RUBEN,male,215,125911
JOSH,male,216,125403
MARC,male,217,125168
LEONARD,male,218,124750
CALVIN,male,219,124504
JULIO,male,220,124445
DAN,male,221,123863
MITCHELL,male,222,123256
COLIN,male,223,122699
FRANCIS,male,224,121263
CESAR,male,225,120844
ELI,male,226,120639
BRENT,male,227,118950
XAVIER,male,228,118581
TOM,male,229,117940
LEO,male,230,117622
COLTON,male,231,116954
GARRETT,male,232,116231
ANDRES,male,233,114536
NICK,male,234,114336
ERNEST,male,235,114067
RAMON,male,236,113784
JAIME,male,237,113150
SAM,male,238,111555
MELVIN,male,239,110942
DERRICK,male,240,110343
MATT,male,241,110290
GRANT,male,242,108972
NORMAN,male,243,108936
ANDRE,male,244,108582
DON,male,245,108576
BRAYDEN,male,246,108103
CORY,male,247,107479
BEN,male,248,107147
MARCO,male,249,106725
AIDAN,male,250,106291
EDDIE,male,251,105701
RAY,male,252,105641
BRYCE,male,253,104836
TRISTAN,male,254,103575
CARSON,male,255,103506
DARRELL,male,256,102809
SPENCER,male,257,102390
ARMANDO,male,258,102382
PARKER,male,259,102009
TOMMY,male,260,100700
RONNIE,male,261,100005
NICOLAS,male,262,99313
BRAD,male,263,98976
JIM,male,264,98930
RICK,male,265,98118
ALBERTO,male,266,96383
TAYLOR,male,267,95501
CASEY,male,268,94740
JOSIAH,male,269,94735
NOLAN,male,270,94128
JEROME,male,271,92686
EARL,male,272,92326
HAYDEN,male,273,92292
ALFRED,male,274,92143
CLAYTON,male,275,90877
ANDY,male,276,90123
ENRIQUE,male,277,89855
ALFREDO,male,278,89564
ELIAS,male,279,87649
DARREN,male,280,87647
EMMANUEL,male,281,87645
PRESTON,male,282,87230
WARREN,male,283,87186
COOPER,male,284,86831
MICAH,male,285,86609
LANCE,male,286,86375
BRENDAN,male,287,85122
GERARDO,male,288,84957
TANNER,male,289,84865
ARTURO,male,290,84253
ABRAHAM,male,291,83825
MICHEAL,male,292,83358
CHARLIE,male,293,83356
RILEY,male,294,83332
BRADY,male,295,83086
MAXWELL,male,296,82746
CLARENCE,male,297,82429
GRAYSON,male,298,82382
BERNARD,male,299,82375
LEONARDO,male,300,82330
NEIL,male,301,80919
LEON,male,302,80671
SANTIAGO,male,303,80547
PABLO,male,304,80526
SALVADOR,male,305,80006
FELIX,male,306,79502
ROMAN,male,307,78766
CLIFFORD,male,308,78713
GORDON,male,309,78334
DAMIAN,male,310,78204
ERICK,male,311,78106
NELSON,male,312,77934
JOHNATHAN,male,313,77930
FRANKLIN,male,314,77798
BILL,male,315,77523
MILES,male,316,77040
JAXON,male,317,75845
KURT,male,318,74815
RON,male,319,73782
GUSTAVO,male,320,73545
KARL,male,321,73302
DREW,male,322,73127
ALVIN,male,323,72755
JAMIE,male,324,72755
DAKOTA,male,325,72589
GLEN,male,326,72412
COLLIN,male,327,72114
MATHEW,male,328,71605
DUANE,male,329,71491
HERBERT,male,330,71373
ISRAEL,male,331,70999
MARCOS,male,332,70916
MAURICE,male,333,70568
JADEN,male,334,70518
ALLAN,male,335,69523
KEN,male,336,69073
REGINALD,male,337,68712
GILBERT,male,338,68707
DALTON,male,339,68493
SIMON,male,340,68343
ERNESTO,male,341,68131
KALEB,male,342,68035
DAVE,male,343,67743
LEROY,male,344,67604
CRISTIAN,male,345,67297
BRODY,male,346,66788
HARRISON,male,347,66779
LORENZO,male,348,66401
GIOVANNI,male,349,65746
ASHTON,male,350,65183
RENE,male,351,65098
LINCOLN,male,352,65058
DARRYL,male,353,64777
JACE,male,354,64055
HUDSON,male,355,63802
AYDEN,male,356,63483
ABEL,male,357,63422
LEWIS,male,358,63105
LLOYD,male,359,63025
MATEO,male,360,62953
JONAH,male,361,62767
GENE,male,362,61917
ALEXIS,male,363,61748
SHAUN,male,364,61744
GUILLERMO,male,365,61713
KELLY,male,366,61702
DEVON,male,367,60541
JOSUE,male,368,60322
ASHER,male,369,60268
HUGO,male,370,58968
ROSS,male,371,58765
CADEN,male,372,58509
FELIPE,male,373,58330
BRYSON,male,374,58272
EVERETT,male,375,57777
BYRON,male,376,57740
KADEN,male,377,57346
ORLANDO,male,378,56874
MARSHALL,male,379,56832
DILLON,male,380,56802
VERNON,male,381,56493
ALI,male,382,55928
DWAYNE,male,383,55602
KIRK,male,384,55172
ANGELO,male,385,54849
CLINTON,male,386,54739
GUY,male,387,54003
KENT,male,388,53873
GAGE,male,389,52980
LESLIE,male,390,52838
JONATHON,male,391,52506
STUART,male,392,51887
EASTON,male,393,51827
MILTON,male,394,51784
SAUL,male,395,51745
MOHAMMAD,male,396,51668
ROLAND,male,397,51536
TERRENCE,male,398,51383
ISMAEL,male,399,51166
JOEY,male,400,51153
RODOLFO,male,401,50792
TERRANCE,male,402,50755
KENNY,male,403,50635
WADE,male,404,50549
CONNER,male,405,50509
TYRONE,male,406,50502
BOB,male,407,50481
EZRA,male,408,50305
DOUG,male,409,50246
DAMON,male,410,49887
DONOVAN,male,411,49558
ALFONSO,male,412,49304
DWIGHT,male,413,49236
DAMIEN,male,414,49235
ALEC,male,415,49116
TED,male,416,49076
NOEL,male,417,48936
HARVEY,male,418,48526
FLOYD,male,419,48374
LONNIE,male,420,48047
AVERY,male,421,48029
MOHAMMED,male,422,47953
TRENT,male,423,47793
DARYL,male,424,47436
ARNOLD,male,425,47416
LESTER,male,426,47342
CLYDE,male,427,47279
TRENTON,male,428,46222
EMILIO,male,429,46167
MOHAMED,male,430,46149
COLBY,male,431,45954
KAI,male,432,45935
JESSIE,male,433,45773
TY,male,434,45594
SAWYER,male,435,45532
KRISTOPHER,male,436,45444
BRAXTON,male,437,45379
GEOFFREY,male,438,45180
WESTON,male,439,44896
KAYDEN,male,440,44722
GRAHAM,male,441,44654
PEYTON,male,442,44518
WILL,male,443,44471
PERRY,male,444,44460
JAXSON,male,445,44427
CAMDEN,male,446,44000
ROGELIO,male,447,43983
TRACY,male,448,43822
RYDER,male,449,43767
RODRIGO,male,450,43619
ZANE,male,451,43577
TOMAS,male,452,43435
BRADEN,male,453,43378
KELVIN,male,454,43338
DOMINICK,male,455,43311
DALLAS,male,456,43204
ZACH,male,457,42982
CHANCE,male,458,42026
JEAN,male,459,42023
SON,male,460,41697
ELLIOT,male,461,40588
JIMMIE,male,462,39790
SHANNON,male,463,39056
ELLIOTT,male,464,38826
KERRY,male,465,38345
DANA,male,466,38148
ROBIN,male,467,38065
JACKIE,male,468,36724
MORGAN,male,469,34373
SKYLER,male,470,33814
SIDNEY,male,471,33307
JOHNNIE,male,472,31691
QUINN,male,473,31577
KIM,male,474,29124
LYNN,male,475,28890
GUADALUPE,male,476,28029
KENDALL,male,477,26747
JAN,male,478,25968
ARIEL,male,479,25735
JODY,male,480,23672
MARION,male,481,23464
HARLEY,male,482,21617
PAYTON,male,483,21484
EMERSON,male,484,21192
DOMINIQUE,male,485,18085
BAILEY,male,486,17544
COURTNEY,male,487,16724
STACY,male,488,15621
SKYLAR,male,489,15359
AUBREY,male,490,14983
REESE,male,491,14904
ASHLEY,male,492,11218
ADDISON,male,493,9953
STACEY,male,494,9833
JOAN,male,495,9797
SHELBY,male,496,9568
CARMEN,male,497,9027
BILLIE,male,498,8123
ERIN,male,499,7734
KENNEDY,male,500,6742
REAGAN,male,501,6638
SANDY,male,502,6555
TRACEY,male,503,6297
MACKENZIE,male,504,6120
BOBBIE,male,505,5875
SYDNEY,male,506,5551
ANDREA,male,507,5296
HARPER,male,508,5172
JADE,male,509,4841
MADISON,male,510,4742
RYLEE,male,511,4237
KELLEY,male,512,4010
LINDSEY,male,513,4002
JORDYN,male,514,3971
MARIA,male,515,3889
KELSEY,male,516,3842
GAIL,male,517,3486
WHITNEY,male,518,3397
LAUREN,male,519,3304
JO,male,520,3049
LINDSAY,male,521,2893
CASSIDY,male,522,2881
MICHELE,male,523,2853
MARY,male,524,2840
CAROL,male,525,2713
MARIAN,male,526,2562
KAY,male,527,2343
JANE,male,528,2226
GAYLE,male,529,2218
GENESIS,male,530,2203
CONNIE,male,531,2199
TRINITY,male,532,2092
ISABEL,male,533,2036
CHEYENNE,male,534,1942
KAREN,male,535,1820
JUNE,male,536,1797
MCKENZIE,male,537,1795
TONI,male,538,1779
FRANCES,male,539,1735
JOY,male,540,1718
RENEE,male,541,1706
SHIRLEY,male,542,1560
DANIELLE,male,543,1551
BRANDY,male,544,1545
MEREDITH,male,545,1533
KIMBERLY,male,546,1482
ANTONIA,male,547,1457
ALLISON,male,548,1416
BROOKE,male,549,1385
BROOKLYN,male,550,1327
MICHELLE,male,551,1278
KRISTEN,male,552,1270
IVY,male,553,1218
LOUISE,male,554,1196
DOLORES,male,555,1146
SHARON,male,556,1134
ELIZABETH,male,557,1112
GABRIELLE,male,558,1086
LUZ,male,559,1050
PATSY,male,560,1027
BEVERLY,male,561,1026
VIVIAN,male,562,1011
JENNIFER,male,563,977
PATRICIA,male,564,955
ALEXANDRA,male,565,954
JESSICA,male,566,950
EMILY,male,567,930
SARAH,male,568,929
JULIA,male,569,925
LOIS,male,570,923
SHELLY,male,571,917
ROBYN,male,572,908
CAMILLE,male,573,903
KRISTIN,male,574,876
BONNIE,male,575,871
ARIA,male,576,869
LINDA,male,577,852
CHRISTY,male,578,849
HANNA,male,579,842
ANGELA,male,580,836
DENISE,male,581,813
PAIGE,male,582,811
AUDREY,male,583,806
EMMA,male,584,786
JOCELYN,male,585,777
NICOLE,male,586,773
NIKKI,male,587,770
ABIGAIL,male,588,759
ALMA,male,589,750
JODI,male,590,741
TERRI,male,591,738
LAURIE,male,592,730
SHELLEY,male,593,720
BARBARA,male,594,718
MALLORY,male,595,712
SANDRA,male,596,705
KARI,male,597,687
DAWN,male,598,674
MERCEDES,male,599,674
VICTORIA,male,600,672
ANA,male,601,670
RUBY,male,602,669
GRACE,male,603,665
SAMANTHA,male,604,660
ANNA,male,605,657
LACEY,male,606,655
CLAIRE,male,607,650
SUE,male,608,649
NANCY,male,609,644
TARA,male,610,643
JASMINE,male,611,640
BRENDA,male,612,639
AMBER,male,613,633
MIA,male,614,633
LISA,male,615,627
ROSA,male,616,622
JOYCE,male,617,620
AMANDA,male,618,618
WENDY,male,619,613
STEPHANIE,male,620,609
ZOE,male,621,605
MELISSA,male,622,599
LAURA,male,623,596
OLIVIA,male,624,582
HAZEL,male,625,578
RACHEL,male,626,572
MARIE,male,627,571
SUSAN,male,628,564
DONNA,male,629,563
HALEY,male,630,560
CHRISTINE,male,631,558
MARGARET,male,632,556
JOSIE,male,633,549
MARTHA,male,634,521
KAYLA,male,635,520
DORIS,male,636,515
ERICA,male,637,508
ALICE,male,638,505
AMY,male,639,505
BETTY,male,640,504
HANNAH,male,641,500
ELLIE,male,642,497
CHRISTINA,male,643,494
GLORIA,male,644,491
BERNICE,male,645,489
HOLLY,male,646,489
SARA,male,647,480
PAULA,male,648,477
DESTINY,male,649,475
ROSE,male,650,459
MEGAN,male,651,455
CYNTHIA,male,652,454
REBECCA,male,653,448
ALISON,male,654,446
SOPHIA,male,655,446
EVELYN,male,656,444
ISABELLA,male,657,442
DIANA,male,658,426
ALEJANDRA,male,659,425
RUTH,male,660,423
JULIE,male,661,421
JUANA,male,662,417
CRYSTAL,male,663,415
NATALIE,male,664,412
HOPE,male,665,411
NORMA,male,666,408
KYLIE,male,667,406
KATHERINE,male,668,404
TERESA,male,669,402
VICKY,male,670,402
TAMMY,male,671,401
APRIL,male,672,397
JENNY,male,673,394
IRIS,male,674,388
JANET,male,675,386
DOROTHY,male,676,384
DEBORAH,male,677,380
ABBY,male,678,375
ANN,male,679,375
AVA,male,680,370
MAYA,male,681,363
ALICIA,male,682,362
TIFFANY,male,683,362
MONICA,male,684,355
FAITH,male,685,354
JUDY,male,686,350
DIANE,male,687,348
ADRIENNE,male,688,347
BRITTANY,male,689,345
CATHERINE,male,690,345
RAQUEL,male,691,344
JADA,male,692,335
VALERIE,male,693,332
CAROLYN,male,694,331
ADRIANA,male,695,330
EVA,male,696,330
IRENE,male,697,328
SHERRY,male,698,327
HEATHER,male,699,325
HELEN,male,700,325
JACQUELINE,male,701,325
BRIANNA,male,702,321
CLAUDIA,male,703,321
NEVAEH,male,704,317
ALYSSA,male,705,315
ALEXA,male,706,314
CHLOE,male,707,314
ROBERTA,male,708,302
VIRGINIA,male,709,302
DEBRA,male,710,300
MARILYN,male,711,300
VANESSA,male,712,299
VERONICA,male,713,293
PAMELA,male,714,291
CARRIE,male,715,290
NORA,male,716,286
KATIE,male,717,284
CINDY,male,718,283
ELLA,male,719,283
TINA,male,720,283
PIPER,male,721,280
ELISA,male,722,279
MYA,male,723,279
KATHLEEN,male,724,278
AUTUMN,male,725,276
MELANIE,male,726,276
JUDITH,male,727,275
CHELSEA,male,728,273
JILL,male,729,273
GABRIELA,male,730,272
JOANN,male,731,272
DANIELA,male,732,267
ELLEN,male,733,266
ZOEY,male,734,266
CHARLOTTE,male,735,263
LILY,male,736,263
EDITH,male,737,260
LEAH,male,738,259
CHERYL,male,739,257
YVONNE,male,740,253
MARGARITA,male,741,252
HAILEY,male,742,251
ESTHER,male,743,250
ANNIE,male,744,249
CARLY,male,745,247
SOFIA,male,746,246
CARLA,male,747,242
SALLY,male,748,237
CAROLINE,male,749,235
AMELIA,male,750,234
ALEXANDRIA,male,751,232
MOLLY,male,752,230
THERESA,male,753,230
ERIKA,male,754,229
KIRSTEN,male,755,228
WILMA,male,756,228
JANICE,male,757,227
CALLIE,male,758,226
KATHRYN,male,759,226
KATHY,male,760,225
SYLVIA,male,761,224
LORI,male,762,223
ANGIE,male,763,222
LILLIAN,male,764,220
FLORENCE,male,765,217
LUCY,male,766,217
MILA,male,767,216
LYNNE,male,768,215
ELISE,male,769,214
MIRIAM,male,770,214
SUMMER,male,771,212
PENNY,male,772,210
SIERRA,male,773,210
WANDA,male,774,209
LILA,male,775,207
JOANNE,male,776,206
MARIAH,male,777,206
NAOMI,male,778,206
GINA,male,779,204
PHYLLIS,male,780,204
KATE,male,781,203
MIRANDA,male,782,202
KELLIE,male,783,200
RITA,male,784,199
MADELINE,male,785,198
YOLANDA,male,786,198
CAMILA,male,787,196
DAISY,male,788,196
BLANCA,male,789,195
JOSEPHINE,male,790,195
LUCIA,male,791,195
DEBBIE,male,792,194
KENDRA,male,793,193
CECILIA,male,794,192
REGINA,male,795,191
OLGA,male,796,189
SAVANNAH,male,797,188
BRANDI,male,798,187
ARIANA,male,799,186
KARA,male,800,186
LYDIA,male,801,186
KARLA,male,802,185
JILLIAN,male,803,183
KIARA,male,804,183
BELLA,male,805,181
GABRIELLA,male,806,180
KRISTI,male,807,180
ELAINE,male,808,179
RHONDA,male,809,177
ANNE,male,810,175
DORA,male,811,174
ANGELINA,male,812,173
ANITA,male,813,173
SONIA,male,814,173
CRISTINA,male,815,171
DARLENE,male,816,168
MARCIA,male,817,168
NATALIA,male,818,168
MARIANA,male,819,167
BRIANA,male,820,165
JENNA,male,821,164
ELENA,male,822,163
SHEILA,male,823,163
CLARA,male,824,162
KELLI,male,825,162
KAYLEE,male,826,161
MAXINE,male,827,160
ANGELICA,male,828,159
ELEANOR,male,829,159
KAITLYN,male,830,159
MAGGIE,male,831,159
CASSANDRA,male,832,158
GERALDINE,male,833,157
SILVIA,male,834,155
LOURDES,male,835,154
MAKAYLA,male,836,153
TRACI,male,837,153
GEORGIA,male,838,152
MONIQUE,male,839,152
IRMA,male,840,151
MILDRED,male,841,151
NINA,male,842,150
FATIMA,male,843,149
JOANNA,male,844,149
TONYA,male,845,149
SABRINA,male,846,148
JUANITA,male,847,147
MARTA,male,848,147
RAMONA,male,849,146
GLADYS,male,850,145
PEGGY,male,851,145
MARINA,male,852,144
MICHAELA,male,853,143
JULIANA,male,854,138
CONSTANCE,male,855,137
MELODY,male,856,137
NATASHA,male,857,137
BERTHA,male,858,136
KARINA,male,859,136
MARLENE,male,860,136
VALERIA,male,861,136
DELORES,male,862,135
LORRAINE,male,863,134
SADIE,male,864,134
AURORA,male,865,133
CAROLINA,male,866,133
MARISOL,male,867,133
CELESTE,male,868,132
MADELYN,male,869,132
MARISSA,male,870,131
ARLENE,male,871,130
STELLA,male,872,130
VERA,male,873,130
TAMARA,male,874,129
AALIYAH,male,875,128
ESMERALDA,male,876,128
HEIDI,male,877,128
LETICIA,male,878,128
MAYRA,male,879,127
VALENTINA,male,880,127
CATHY,male,881,126
NICHOLE,male,882,126
BIANCA,male,883,125
BRITTNEY,male,884,125
EMILIA,male,885,120
KRISTINA,male,886,120
CORA,male,887,119
KATELYN,male,888,119
SOPHIE,male,889,119
GIANNA,male,890,118
LILLY,male,891,118
MARSHA,male,892,118
ELSIE,male,893,117
GRACIE,male,894,117
LAYLA,male,895,117
ARIANNA,male,896,115
GLENDA,male,897,115
BETH,male,898,114
CHARLENE,male,899,114
ELSA,male,900,114
MARJORIE,male,901,114
PAULINE,male,902,113
PAM,male,903,112
PATTY,male,904,112
ALISHA,male,905,110
ANNETTE,male,906,110
DEANNA,male,907,109
TANYA,male,908,109
EDNA,male,909,105
VICKIE,male,910,105
JOSEFINA,male,911,104
VIOLET,male,912,104
ALLYSON,male,913,103
COLLEEN,male,914,103
GWENDOLYN,male,915,103
VICKI,male,916,103
ROSEMARY,male,917,102
SHERYL,male,918,102
YESENIA,male,919,102
SCARLETT,male,920,100
MAUREEN,male,921,99
THELMA,male,922,99
HILDA,male,923,98
BRIDGET,male,924,97
ISABELLE,male,925,97
MEGHAN,male,926,97
RACHAEL,male,927,97
JANELLE,male,928,96
JOHANNA,male,929,96
MARYANN,male,930,96
SUZANNE,male,931,96
FELICIA,male,932,95
PRISCILLA,male,933,95
DESIREE,male,934,94
JEANNE,male,935,94
LILIANA,male,936,94
LORENA,male,937,94
MARIBEL,male,938,94
CARA,male,939,93
BEATRICE,male,940,92
BETHANY,male,941,92
MELINDA,male,942,92
BEATRIZ,male,943,90
EILEEN,male,944,90
LORETTA,male,945,90
LUCILLE,male,946,90
MIKAYLA,male,947,90
CELIA,male,948,89
JEANETTE,male,949,89
KATRINA,male,950,89
INGRID,male,951,88
ALANA,male,952,87
LENA,male,953,87
NADIA,male,954,87
SERENITY,male,955,85
LANA,male,956,83
CAITLIN,male,957,82
JANA,male,958,82
SELENA,male,959,81
YVETTE,male,960,81
ANASTASIA,male,961,77
BREANNA,male,962,75
MISTY,male,963,74
SONYA,male,964,74
CAROLE,male,965,73
KRISTY,male,966,73
BECKY,male,967,72
BELINDA,male,968,72
ANNABELLE,male,969,69
KRYSTAL,male,970,69
SUSANA,male,971,67
TABITHA,male,972,67
CANDACE,male,973,66
DIANNE,male,974,64
PENELOPE,male,975,64
REBEKAH,male,976,63
GENEVIEVE,male,977,61
TATIANA,male,978,60
KRISTA,male,979,57
MARISA,male,980,57
ANTOINETTE,male,981,56
CAITLYN,male,982,55
ELISABETH,male,983,55
KRISTINE,male,984,55
HAYLEY,male,985,54
BERNADETTE,male,986,53
JACQUELYN,male,987,53
KAITLIN,male,988,52
DIANNA,male,989,49
SHERI,male,990,45
TESSA,male,991,45
SHERRI,male,992,43
CANDICE,male,993,42
ROXANNE,male,994,42
JACLYN,male,995,41
MARIANNE,male,996,40
ROSEMARIE,male,997,40
AIMEE,male,998,38
LYNDA,male,999,37
GRETCHEN,male,1000,24
